poll,alpha_t1,alpha_t2
Australia Constitutional Referendum,0.6142338455489856,0.6687455589103117
BTP 2004 Primaries,0.7142731498646254,0.813447123267925
BTP 2004 General Election,0.7845075033513725,0.782171528192791
BTP 2005,0.31562895867768503,0.21621855805270393
BTP 2007,0.5527628598727231,0.5655714978859079
Bulgaria,0.591758423638455,0.5804185049549667
California Referendum,0.566634071383668,0.6452675173848704
CPL,0.35033117058664404,0.2617524440974073
Denmark,0.40469846462301523,0.652370056984977
EU 2007,0.5096321514924395,0.6005922369498083
EU 2009,0.05260292362768175,0.3126176078514727
Northern Ireland,0.527742845750391,0.5830196472687885
Michigan,0.5841212705011533,0.6851744642436614
NIC,0.56936787469252,0.6423494355466093
San Mateo,0.36124758660743617,0.4788206257087598
SWEPCO,0.23765921946852217,0.4692250089413462
UK BGE,0.705714471038464,0.7093079804149726
UK Crime,0.5237752880794032,0.6271094279602669
UK EU,0.5601613910370347,0.670804341249433
UK Health,0.5226832073611569,0.6790395581353711
UK Monarchy,0.4976527424503665,0.564225996846918
Vermont,0.5420762675389516,0.24147019254096624
WTU,0.3001661280483904,0.4453711146838151
